id,zpid,state,county,address,city,zipcode,price,acres,price_per_acre,days_on_market,score,status,roi_pct,net_profit,red_flags
2914,447922951,TX,Smith County,"21746 County Road 2138, Troup, TX, 75789",Troup,75789,189000.0,45.364,4166.3,23,80,review,160.55,303447.75,Projected profit is estimated
2989,446004373,TX,Lampasas County,"E Fm 581, Lometa, TX, 76853",Lometa,76853,275000.0,30.0841,9141.04,408,70,manual_review,102.04,280610.9,"Projected profit is estimated, Long DOM"
2927,459939009,TX,Gregg County,"TRACT Seven Venus Rd, Gladewater, TX, 75647",Gladewater,75647,136153.0,38.323,3552.78,42,65,review,99.45,135400.88,Projected profit is estimated
2943,224944537,TX,Medina County,"299 CR 779, Devine, TX, 78016",Devine,78016,265000.0,31.584,8390.32,142,60,review,68.02,180263.65,Projected profit is estimated
2857,456789682,TX,Robertson County,"5403 Dry Creek Ln, Calvert, TX, 77837",Calvert,77837,329000.0,40.0,8225.0,169,50,manual_review,62.83,206710.6,"Projected profit is estimated, Borderline deal kept for manual review"
2854,2060438770,TX,Kaufman County,"0 Co Rd #218, Forney, TX, 75126",Forney,75126,399000.0,27.4,14562.04,330,45,manual_review,51.76,206540.0,"Projected profit is estimated, Long DOM, Borderline deal kept for manual review"
2820,455575613,TX,Wood County,"County Road 3419, Hawkins, TX, 75765",Hawkins,75765,60000.0,16.46,3645.2,51,40,reject,0.0,0.0,"Projected profit is estimated, ROI below threshold"
2842,459651089,TX,Houston County,"Tbdlot 3 County Rd #2240, Grapeland, TX, 75844",Grapeland,75844,68000.0,12.0,5666.67,57,40,reject,0.0,0.0,"Projected profit is estimated, ROI below threshold"
2865,243024428,TX,Johnson County,"8740 Parkview Ct, Cleburne, TX, 76033",Cleburne,76033,79000.0,6.116,12916.94,62,40,reject,0.0,0.0,"Projected profit is estimated, ROI below threshold"
2804,459762523,TX,Van Zandt County,"Vz County Road 1905, Edgewood, TX, 75117",Edgewood,75117,98000.0,17.14,5717.62,51,40,reject,0.0,0.0,"Projected profit is estimated, ROI below threshold"
2916,455402457,TX,Atascosa County,"0 Pr Riley LOT 23, Poteet, TX, 78065",Poteet,78065,147500.0,14.024,10517.68,42,40,reject,0.0,0.0,"Projected profit is estimated, ROI below threshold"
2985,460777030,TX,Eastland County,"101 Highway, Ranger, TX, 76470",Ranger,76470,299000.0,48.12,6213.63,5,40,reject,30.18,90225.95,Projected profit is estimated
2794,26499294,TX,Brazoria County,"34823 Fm 1301 Rd, West Columbia, TX, 77486",West Columbia,77486,6032.0,5.73,1052.71,156,35,reject,0.0,0.0,"Projected profit is estimated, ROI below threshold"
2868,455918390,TX,Cameron County,"122313 Old Port Isabel Rd, Pt Isabel, TX, 78578",Pt Isabel,78578,32000.0,6.5,4923.08,97,35,reject,0.0,0.0,"Projected profit is estimated, ROI below threshold"
2802,458390084,TX,Collin County,"1293 Windflower Way, Allen, TX, 75013",Allen,75013,75000.0,7.14,10504.2,108,35,reject,0.0,0.0,"Projected profit is estimated, ROI below threshold"
2801,458840337,TX,Montgomery County,"Palmetto Rd, Magnolia, TX, 77354",Magnolia,77354,175000.0,18.59,9413.66,147,35,reject,0.0,0.0,"Projected profit is estimated, ROI below threshold"
2867,448349471,TX,Montgomery County,"LOT 33 Frank Ln, Magnolia, TX, 77354",Magnolia,77354,30000.0,6.2,4838.71,263,30,reject,0.0,0.0,"Projected profit is estimated, ROI below threshold, Long DOM"
2938,2057765609,TX,Brewster County,"Township Road 2535 Private Rd, Terlingua, TX, 79852",Terlingua,79852,32000.0,40.0,800.0,645,30,reject,-150.9,-48288.0,"Projected profit is estimated, ROI below threshold, Long DOM"
2830,456351464,TX,Montgomery County,"LOT 25 Frank Ln, Magnolia, TX, 77354",Magnolia,77354,35000.0,5.0,7000.0,185,30,reject,0.0,0.0,"Projected profit is estimated, ROI below threshold, Long DOM"
2926,446873077,TX,Cameron County,"113 Old Port Isabel Rd, Brownsville, TX, 78521",Brownsville,78521,35000.0,5.57,6283.66,392,30,reject,0.0,0.0,"Projected profit is estimated, ROI below threshold, Long DOM"
3003,459995040,TX,,"00 SS Farms Lot 1920 LOT 1920, Christine, TX, 78064",Christine,78064,49900.0,10.0,4990.0,38,30,reject,0.0,0.0,"Projected profit is estimated, ROI below threshold, Missing county"
3011,460867784,TX,Montgomery County,"Morgan Cemetary Rd, Cleveland, TX, 77328",Cleveland,77328,75000.0,7.5,10000.0,2,30,reject,0.0,0.0,"Projected profit is estimated, ROI below threshold"
2995,460880334,TX,Hunt County,"LOT 19 County Road 4813, Commerce, TX, 75428",Commerce,75428,89900.0,12.1,7429.75,1,30,reject,0.0,0.0,"Projected profit is estimated, ROI below threshold"
3012,452317621,TX,Hill County,"590 Private Road 370 Rd, Hubbard, TX, 76648",Hubbard,76648,99000.0,12.02,8236.27,407,30,reject,0.0,0.0,"Projected profit is estimated, ROI below threshold, Long DOM"
2936,344605039,TX,Comal County,"162 Zinnia LOT 668, Spring Branch, TX, 78070",Spring Branch,78070,145000.0,6.52,22239.26,13,30,reject,0.0,0.0,"Projected profit is estimated, ROI below threshold"
2826,455713421,TX,Rains County,"Rs County Rd #1520, Pt, TX, 75472",Pt,75472,184140.0,10.23,18000.0,7,30,reject,0.0,0.0,"Projected profit is estimated, ROI below threshold"
2913,2067100944,TX,Caldwell County,"2901 Mule Creek Rd, Harwood, TX, 78632",Harwood,78632,490000.0,35.0,14000.0,276,30,reject,29.95,146769.2,"Projected profit is estimated, Long DOM"
2849,2095882985,TX,Palo Pinto County,"Arts Way, Gordon, TX, 76453",Gordon,76453,26500.0,5.03,5268.39,177,25,reject,0.0,0.0,"Projected profit is estimated, ROI below threshold"
2952,457036652,TX,San Jacinto County,"Upper Vann Rd, Cleveland, TX, 77328",Cleveland,77328,95000.0,14.0,6785.71,160,25,reject,0.0,0.0,"Projected profit is estimated, ROI below threshold"
2825,453101999,TX,Gillespie County,"1632 Link Rd, Doss, TX, 78618",Doss,78618,158670.0,11.797,13450.03,128,25,reject,0.0,0.0,"Projected profit is estimated, ROI below threshold"
2880,457717171,TX,Ellis County,"0 Bee Creek Rd, Grandview, TX, 76050",Grandview,76050,275000.0,16.45,16717.33,132,25,reject,0.0,0.0,"Projected profit is estimated, ROI below threshold"
2793,2090025898,TX,Bosque County,"228 Private Road 2163, Iredell, TX, 76649",Iredell,76649,45000.0,5.54,8122.74,254,20,reject,0.0,0.0,"Projected profit is estimated, ROI below threshold, Long DOM"
2861,455435835,TX,Madison County,"W Caney Rd, Normangee, TX, 77871",Normangee,77871,99500.0,10.43,9539.79,221,20,reject,0.0,0.0,"Projected profit is estimated, ROI below threshold, Long DOM"
3006,451955043,TX,Atascosa County,"1294 CR 429, Pleasanton, TX, 78064",Pleasanton,78064,139000.0,10.05,13830.85,297,20,reject,0.0,0.0,"Projected profit is estimated, ROI below threshold, Long DOM"
2796,2057924938,TX,Hunt County,"2967 County Road 4410, Commerce, TX, 75428",Commerce,75428,165000.0,20.0,8250.0,246,20,reject,0.0,0.0,"Projected profit is estimated, ROI below threshold, Long DOM"
2882,2074835003,TX,Lee County,"3519 County Road 127, Ledbetter, TX, 78946",Ledbetter,78946,165000.0,14.0,11785.71,252,20,reject,0.0,0.0,"Projected profit is estimated, ROI below threshold, Long DOM"
2874,2062926047,TX,Atascosa County,"551 Private Road Mia Ln, Floresville, TX, 78114",Floresville,78114,195000.0,12.04,16196.01,324,20,reject,0.0,0.0,"Projected profit is estimated, ROI below threshold, Long DOM"
2911,2068533697,TX,Guadalupe County,"3237 Church Rd, Seguin, TX, 78155",Seguin,78155,210000.0,15.45,13592.23,444,20,reject,0.0,0.0,"Projected profit is estimated, ROI below threshold, Long DOM"
2843,460894781,TX,Brewster County,"0 Ruby LOT 217, Alpine, TX, 79830",Alpine,79830,8499.0,5.0,1699.8,1,15,reject,0.0,0.0,"Projected profit is estimated, ROI below threshold"
2859,456952428,TX,Rusk County,"County Road 3216 Off, Marshall, TX, 75670",Marshall,75670,26050.0,5.21,5000.0,163,15,reject,0.0,0.0,"Projected profit is estimated, ROI below threshold, Possible flood/wetland mention"
3001,444653743,TX,Polk County,"0 Menard Chapel Rd, Livingston, TX, 77351",Livingston,77351,34000.0,7.09,4795.49,77,15,reject,0.0,0.0,"Projected profit is estimated, ROI below threshold"
2808,2064232694,TX,Anderson County,"0 An County Rd #1204, Elkhart, TX, 75839",Elkhart,75839,37000.0,6.18,5987.06,62,15,reject,0.0,0.0,"Projected profit is estimated, ROI below threshold"
2814,455573969,TX,Morris County,"1 Highway 729, Lone Star, TX, 75668",Lone Star,75668,39900.0,12.2,3270.49,19,15,reject,0.0,0.0,"Projected profit is estimated, ROI below threshold"
2965,2097574168,TX,Upshur County,"0 Camp Joy Rd, Ore City, TX, 75683",Ore City,75683,50000.0,5.25,9523.81,2,15,reject,0.0,0.0,"Projected profit is estimated, ROI below threshold"
2837,460848795,TX,Eastland County,"County Road 240, Rising Star, TX, 76471",Rising Star,76471,59750.0,5.0,11950.0,2,15,reject,0.0,0.0,"Projected profit is estimated, ROI below threshold"
2910,447321491,TX,San Jacinto County,"0 Wolfe Creek Rd Lot 66, Shepherd, TX, 77371",Shepherd,77371,60000.0,5.01,11976.05,3,15,reject,0.0,0.0,"Projected profit is estimated, ROI below threshold"
2963,460752429,TX,Panola County,"Private Road 1817, Gary, TX, 75643",Gary,75643,65000.0,10.25,6341.46,7,15,reject,0.0,0.0,"Projected profit is estimated, ROI below threshold"
2967,455574619,TX,Gregg County,"Watson Rd, Kilgore, TX, 75662",Kilgore,75662,69900.0,5.18,13494.21,9,15,reject,0.0,0.0,"Projected profit is estimated, ROI below threshold"
2905,460619445,TX,Tyler County,"County Road 4595, Warren, TX, 77664",Warren,77664,70000.0,12.4,5645.16,13,15,reject,0.0,0.0,"Projected profit is estimated, ROI below threshold"
3005,459393870,TX,Comanche County,"LOT 19 County Road 446, De Leon, TX, 76444",De Leon,76444,79900.0,10.0,7990.0,68,15,reject,0.0,0.0,"Projected profit is estimated, ROI below threshold"
2888,2066335956,TX,Rusk County,"Fm 3231, Tatum, TX, 75691",Tatum,75691,82782.0,9.0,9198.0,11,15,reject,0.0,0.0,"Projected profit is estimated, ROI below threshold"
2863,351226776,TX,Eastland County,"1757 County Road 252, Rising Star, TX, 76471",Rising Star,76471,85000.0,7.74,10981.91,6,15,reject,0.0,0.0,"Projected profit is estimated, ROI below threshold"
2947,459530712,TX,San Augustine County,"Apn 6640 Hwy S #147, San Augustine, TX, 75972",San Augustine,75972,89000.0,35.0,2542.86,60,15,reject,-86.02,-76559.9,"Projected profit is estimated, ROI below threshold"
2823,460847940,TX,Eastland County,"County Road 254, Rising Star, TX, 76471",Rising Star,76471,89900.0,10.0,8990.0,2,15,reject,0.0,0.0,"Projected profit is estimated, ROI below threshold"
3009,450529712,TX,Burleson County,"County Road 322, Caldwell, TX, 77836",Caldwell,77836,89900.0,8.504,10571.5,7,15,reject,0.0,0.0,"Projected profit is estimated, ROI below threshold"
2798,459855818,TX,Real County,"11586 Ranch Rd 336 LOT 3, Leakey, TX, 78873",Leakey,78873,90000.0,10.37,8678.88,47,15,reject,0.0,0.0,"Projected profit is estimated, ROI below threshold"
2833,460718590,TX,Red River County,"County Road 1420, Bogata, TX, 75417",Bogata,75417,90000.0,10.0,9000.0,8,15,reject,0.0,0.0,"Projected profit is estimated, ROI below threshold"
3002,2057533835,TX,Upshur County,"Floyd Rd, Gilmer, TX, 75645",Gilmer,75645,90000.0,11.5,7826.09,1,15,reject,0.0,0.0,"Projected profit is estimated, ROI below threshold"
2891,447943879,TX,Cass County,"11 Ac Cres #2620 & 2621, Hughes Springs, TX, 75656",Hughes Springs,75656,92000.0,11.64,7903.78,4,15,reject,0.0,0.0,"Projected profit is estimated, ROI below threshold"
2841,2058921974,TX,Hamilton County,"24 Private Road 6332, Hamilton, TX, 76531",Hamilton,76531,99000.0,10.01,9890.11,2,15,reject,0.0,0.0,"Projected profit is estimated, ROI below threshold"
2906,460781724,TX,Gregg County,"Swanson Rd, Kilgore, TX, 75662",Kilgore,75662,100000.0,10.0,10000.0,5,15,reject,0.0,0.0,"Projected profit is estimated, ROI below threshold"
2892,460797857,TX,Cameron County,"0 Angel Ln, San Benito, TX, 78586",San Benito,78586,110000.0,5.0,22000.0,4,15,reject,0.0,0.0,"Projected profit is estimated, ROI below threshold"
2912,456059229,TX,Jasper County,"1655 County Road 716, Buna, TX, 77612",Buna,77612,115000.0,10.01,11488.51,4,15,reject,0.0,0.0,"Projected profit is estimated, ROI below threshold"
2993,2118386007,TX,Marion County,"0 Liberty Rd, Jefferson, TX, 75657",Jefferson,75657,117765.0,26.17,4500.0,1,15,reject,-48.17,-56725.6,"Projected profit is estimated, ROI below threshold"
2812,460833864,TX,Hill County,"110 Private Road 402, Grandview, TX, 76050",Grandview,76050,120000.0,5.0,24000.0,3,15,reject,0.0,0.0,"Projected profit is estimated, ROI below threshold"
2948,448095104,TX,Angelina County,"550 Robert Jones Rd, Huntington, TX, 75949",Huntington,75949,120000.0,17.36,6912.44,1,15,reject,0.0,0.0,"Projected profit is estimated, ROI below threshold"
2940,460780851,TX,Houston County,"148 Private Road 8033, Crockett, TX, 75835",Crockett,75835,125000.0,10.315,12118.27,5,15,reject,0.0,0.0,"Projected profit is estimated, ROI below threshold"
2968,460612245,TX,Jack County,"Not Addressed Yet Slusher Rd, Jacksboro, TX, 76458",Jacksboro,76458,128000.0,5.0,25600.0,14,15,reject,0.0,0.0,"Projected profit is estimated, ROI below threshold"
2866,2070416224,TX,Van Zandt County,"0 Fm 859, Edgewood, TX, 75117",Edgewood,75117,129000.0,6.83,18887.26,7,15,reject,0.0,0.0,"Projected profit is estimated, ROI below threshold"
2917,2098418165,TX,Cameron County,"0 Stanford Rd, Los Fresnos, TX, 78566",Los Fresnos,78566,129000.0,5.2,24807.69,4,15,reject,0.0,0.0,"Projected profit is estimated, ROI below threshold"
2829,455237863,TX,Kaufman County,"Sundown Dr, Kaufman, TX, 75142",Kaufman,75142,134900.0,5.0,26980.0,42,15,reject,0.0,0.0,"Projected profit is estimated, ROI below threshold"
2901,2069076474,TX,Jefferson County,"0 Loop Rd, Beaumont, TX, 77713",Beaumont,77713,135000.0,5.93,22765.6,4,15,reject,0.0,0.0,"Projected profit is estimated, ROI below threshold"
2822,80091407,TX,Montgomery County,"10000 Bentley Dr, Hockley, TX, 77447",Hockley,77447,139000.0,5.0,27800.0,50,15,reject,0.0,0.0,"Projected profit is estimated, ROI below threshold"
2909,460705694,TX,Guadalupe County,"372 Shoshoni LOT 4, Kingsbury, TX, 78638",Kingsbury,78638,149000.0,10.13,14708.79,9,15,reject,0.0,0.0,"Projected profit is estimated, ROI below threshold"
2974,460880029,TX,Matagorda County,"166 Bucks Bayou Rd, Bay City, TX, 77414",Bay City,77414,149900.0,19.48,7695.07,1,15,reject,0.0,0.0,"Projected profit is estimated, ROI below threshold"
2851,460810216,TX,Wood County,"423 County Road 1560, Alba, TX, 75410",Alba,75410,150000.0,8.09,18541.41,4,15,reject,0.0,0.0,"Projected profit is estimated, ROI below threshold"
2879,439317472,TX,Brazoria County,"0 County Road 121, Rosharon, TX, 77583",Rosharon,77583,150000.0,7.12,21067.42,46,15,reject,0.0,0.0,"Projected profit is estimated, ROI below threshold"
2929,460775452,TX,Brewster County,"2083 South County Rd, Terlingua, TX, 79852",Terlingua,79852,150000.0,40.0,3750.0,5,15,reject,-114.01,-171008.0,"Projected profit is estimated, ROI below threshold"
2966,442946327,TX,Montague County,"TRACT 3 Fm 677 S, Saint Jo, TX, 76265",Saint Jo,76265,150000.0,11.447,13103.87,64,15,reject,0.0,0.0,"Projected profit is estimated, ROI below threshold"
2970,2061808533,TX,Lee County,"1241 Scenic Vw, Lexington, TX, 78947",Lexington,78947,150000.0,5.0,30000.0,24,15,reject,0.0,0.0,"Projected profit is estimated, ROI below threshold"
2836,66995264,TX,Smith County,"County Road 450, Lindale, TX, 75771",Lindale,75771,151200.0,9.45,16000.0,2,15,reject,0.0,0.0,"Projected profit is estimated, ROI below threshold"
2972,460893562,TX,Atascosa County,"8449 Coughran LOT 5, Pleasanton, TX, 78064",Pleasanton,78064,152000.0,5.0,30400.0,1,15,reject,0.0,0.0,"Projected profit is estimated, ROI below threshold"
2809,449920957,TX,Montgomery County,"215 Garden West Rd Lot 24, Conroe, TX, 77304",Conroe,77304,159000.0,5.72,27797.2,21,15,reject,0.0,0.0,"Projected profit is estimated, ROI below threshold"
2876,78820624,TX,Hunt County,"10790 Newell Creek Dr, Quinlan, TX, 75474",Quinlan,75474,159000.0,7.0,22714.29,29,15,reject,0.0,0.0,"Projected profit is estimated, ROI below threshold"
2898,442197140,TX,Henderson County,"12200 County Road 2404, Seven Points, TX, 75143",Seven Points,75143,160000.0,10.0,16000.0,64,15,reject,0.0,0.0,"Projected profit is estimated, ROI below threshold"
2991,122502137,TX,Fort Bend County,"15610 Tierra Grande Dr, Needville, TX, 77461",Needville,77461,160000.0,5.0,32000.0,60,15,reject,0.0,0.0,"Projected profit is estimated, ROI below threshold"
2984,459521621,TX,Houston County,"1230 Southfield Trl, Lovelady, TX, 75851",Lovelady,75851,162000.0,10.01,16183.82,60,15,reject,0.0,0.0,"Projected profit is estimated, ROI below threshold"
2997,455584068,TX,Cooke County,"0 County Road 312, Gainesville, TX, 76240",Gainesville,76240,165000.0,5.0,33000.0,22,15,reject,0.0,0.0,"Projected profit is estimated, ROI below threshold"
2795,460854803,TX,Brazos County,"1127AC Opersteny Rd, Bryan, TX, 77808",Bryan,77808,169900.0,11.27,15075.42,3,15,reject,0.0,0.0,"Projected profit is estimated, ROI below threshold"
2884,250556139,TX,San Jacinto County,"290 Over The Hill Rd, Pointblank, TX, 77364",Pointblank,77364,169900.0,11.14,15251.35,32,15,reject,0.0,0.0,"Projected profit is estimated, ROI below threshold"
2887,455574115,TX,Harrison County,"Coppedge Smith Rd, Harleton, TX, 75651",Harleton,75651,172500.0,50.0,3450.0,16,15,reject,-62.33,-107525.0,"Projected profit is estimated, ROI below threshold"
2960,2053637429,TX,Madison County,"9151 Oxford Cemetery Rd, Madisonville, TX, 77864",Madisonville,77864,174900.0,7.635,22907.66,3,15,reject,0.0,0.0,"Projected profit is estimated, ROI below threshold"
2860,460181702,TX,Wise County,"N County Line Rd #2601, Ponder, TX, 76259",Ponder,76259,175000.0,6.969,25111.21,32,15,reject,0.0,0.0,"Projected profit is estimated, ROI below threshold"
2930,459260453,TX,Lampasas County,"Lot 151 N River Road, Lampasas, TX, 76550",Lampasas,76550,175000.0,5.33,32833.02,74,15,reject,0.0,0.0,"Projected profit is estimated, ROI below threshold"
2924,344603985,TX,Bexar County,"00 BORREGAS RD LOT 227, Elmendorf, TX, 78112",Elmendorf,78112,179900.0,10.034,17929.04,1,15,reject,0.0,0.0,"Projected profit is estimated, ROI below threshold"
2931,460511970,TX,Bexar County,"000 Henze LOT P-266, San Antonio, TX, 78223",San Antonio,78223,180000.0,5.0,36000.0,19,15,reject,0.0,0.0,"Projected profit is estimated, ROI below threshold"
2923,460748725,TX,Erath County,"6 County Road 406, Stephenville, TX, 76401",Stephenville,76401,184900.0,10.1,18306.93,7,15,reject,0.0,0.0,"Projected profit is estimated, ROI below threshold"
2977,450737202,TX,Red River County,"Highway 37 N, Clarksville, TX, 75426",Clarksville,75426,185000.0,13.305,13904.55,3,15,reject,0.0,0.0,"Projected profit is estimated, ROI below threshold"
2945,2058116945,TX,Leon County,"5772 Private Road 2065, Centerville, TX, 75833",Centerville,75833,189000.0,13.0,14538.46,2,15,reject,0.0,0.0,"Projected profit is estimated, ROI below threshold"
2821,301994999,TX,Madison County,"10081 Rocky Ridge Ln, Madisonville, TX, 77864",Madisonville,77864,189900.0,12.967,14644.87,3,15,reject,0.0,0.0,"Projected profit is estimated, ROI below threshold"
2893,227608837,TX,Caldwell County,"103 Martinez Ln, Dale, TX, 78616",Dale,78616,195000.0,5.053,38590.94,24,15,reject,0.0,0.0,"Projected profit is estimated, ROI below threshold"
2920,460867752,TX,Bandera County,"LOT 63C Sierra Vista LOT 63C, Tarpley, TX, 78883",Tarpley,78883,195000.0,10.01,19480.52,2,15,reject,0.0,0.0,"Projected profit is estimated, ROI below threshold"
3013,460858702,TX,Rusk County,"Fm 1716 E, Tatum, TX, 75691",Tatum,75691,195000.0,18.669,10445.12,2,15,reject,0.0,0.0,"Projected profit is estimated, ROI below threshold"
2902,450883633,TX,Blanco County,"0 Springwood Rnch, Johnson City, TX, 78636",Johnson City,78636,199000.0,6.62,30060.42,37,15,reject,0.0,0.0,"Projected profit is estimated, ROI below threshold"
2954,250537899,TX,Wood County,"1417 County Road 3270, Mineola, TX, 75773",Mineola,75773,199000.0,10.0,19900.0,5,15,reject,0.0,0.0,"Projected profit is estimated, ROI below threshold"
2975,460278249,TX,Bexar County,"14526 Wisdom Rd LOT ARB, Atascosa, TX, 78002",Atascosa,78002,200000.0,6.08,32894.74,30,15,reject,0.0,0.0,"Projected profit is estimated, ROI below threshold"
2987,457611611,TX,Guadalupe County,"LOT 14 Sandstone Ln, Seguin, TX, 78155",Seguin,78155,204000.0,10.01,20379.62,46,15,reject,0.0,0.0,"Projected profit is estimated, ROI below threshold"
2950,95016863,TX,Williamson County,"1360 County Road 233, Florence, TX, 76527",Florence,76527,215000.0,6.1308,35068.83,1,15,reject,0.0,0.0,"Projected profit is estimated, ROI below threshold"
2813,460347026,TX,Denton County,"3245 Elm Bottom Cir, Aubrey, TX, 76227",Aubrey,76227,233700.0,22.37,10447.03,27,15,reject,0.0,0.0,"Projected profit is estimated, ROI below threshold"
2935,2066134147,TX,Hidalgo County,"0 S Mile 2 1/2 St E, Mercedes, TX, 78570",Mercedes,78570,235000.0,11.446,20531.19,87,15,reject,0.0,0.0,"Projected profit is estimated, ROI below threshold"
2996,350779362,TX,Colorado County,"1359 McDonald Rd, Eagle Lake, TX, 77434",Eagle Lake,77434,239900.0,11.35,21136.56,2,15,reject,0.0,0.0,"Projected profit is estimated, ROI below threshold"
2969,443590930,TX,Erath County,"1650 County Road 119, Gordon, TX, 76453",Gordon,76453,240000.0,15.0,16000.0,57,15,reject,0.0,0.0,"Projected profit is estimated, ROI below threshold"
2800,116135403,TX,Hunt County,"1382 County Road 2738, Caddo Mills, TX, 75135",Caddo Mills,75135,245000.0,14.84,16509.43,3,15,reject,0.0,0.0,"Projected profit is estimated, ROI below threshold"
2964,457621587,TX,Frio County,"2743 County Road 2743, Moore, TX, 78057",Moore,78057,245000.0,33.615,7288.41,23,15,reject,-40.47,-99147.7,"Projected profit is estimated, ROI below threshold"
2949,96492738,TX,Dallas County,"4610 Veterans Dr, Dallas, TX, 75216",Dallas,75216,249000.0,5.17,48162.48,4,15,reject,0.0,0.0,"Projected profit is estimated, ROI below threshold"
3000,2076753863,TX,Comanche County,"0 Highway 16 S, Comanche, TX, 76442",Comanche,76442,259900.0,30.57,8501.8,2,15,reject,-30.1,-78242.0,"Projected profit is estimated, ROI below threshold"
2957,439542339,TX,Kaufman County,"0 Rustic Trl, Kaufman, TX, 75142",Kaufman,75142,275000.0,10.0,27500.0,8,15,reject,0.0,0.0,"Projected profit is estimated, ROI below threshold"
2925,459073659,TX,,"CR 732 Cr 732, Yancey, TX, 78666",Yancey,78666,279050.0,28.33,9849.98,80,15,reject,-56.52,-157712.25,"Projected profit is estimated, ROI below threshold, Missing county"
2895,199404378,TX,Johnson County,"4109 Chisholm Trl, Crowley, TX, 76036",Crowley,76036,280000.0,8.64,32407.41,11,15,reject,0.0,0.0,"Projected profit is estimated, ROI below threshold"
2958,460848570,TX,Palo Pinto County,"County Road 494, Ranger, TX, 76470",Ranger,76470,289500.0,12.0,24125.0,2,15,reject,0.0,0.0,"Projected profit is estimated, ROI below threshold"
2894,2099960176,TX,San Jacinto County,"Tbd Meekins Rd, Cleveland, TX, 77328",Cleveland,77328,289900.0,24.21,11974.39,7,15,reject,0.0,0.0,"Projected profit is estimated, ROI below threshold"
2956,202153462,TX,Hays County,"800 Fox Rd, San Marcos, TX, 78666",San Marcos,78666,290000.0,6.33,45813.59,2,15,reject,0.0,0.0,"Projected profit is estimated, ROI below threshold"
2818,444193100,TX,Comanche County,"34.02 Highway 36, Comanche, TX, 76442",Comanche,76442,314750.0,34.02,9251.91,3,15,reject,-42.98,-135286.0,"Projected profit is estimated, ROI below threshold"
2870,449403930,TX,Grimes County,"4956 County Road 448, Navasota, TX, 77868",Navasota,77868,315000.0,10.09,31219.03,45,15,reject,0.0,0.0,"Projected profit is estimated, ROI below threshold"
2937,460811374,TX,Bosque County,"2031C County Road 3310, Valley Mills, TX, 76689",Valley Mills,76689,325000.0,20.0,16250.0,3,15,reject,0.0,0.0,"Projected profit is estimated, ROI below threshold"
2922,339963379,TX,Montgomery County,"0 Michael Dr, Magnolia, TX, 77355",Magnolia,77355,332000.0,5.5278,60060.06,7,15,reject,0.0,0.0,"Projected profit is estimated, ROI below threshold"
2839,84376416,TX,Bastrop County,"500 Pine Valley Loop, Smithville, TX, 78957",Smithville,78957,355000.0,10.38,34200.39,1,15,reject,0.0,0.0,"Projected profit is estimated, ROI below threshold"
2983,168553482,TX,Collin County,"988 County Road 655, Farmersville, TX, 75442",Farmersville,75442,365000.0,9.408,38796.77,42,15,reject,0.0,0.0,"Projected profit is estimated, ROI below threshold"
2872,306545814,TX,Somervell County,"1102 Adams Point, Glen Rose, TX, 76043",Glen Rose,76043,375000.0,7.108,52757.46,2,15,reject,0.0,0.0,"Projected profit is estimated, ROI below threshold"
2962,460823796,TX,Houston County,"1653 Private Road 8160, Lovelady, TX, 75851",Lovelady,75851,375000.0,30.7,12214.98,3,15,reject,-23.47,-88001.25,"Projected profit is estimated, ROI below threshold"
2941,460221501,TX,Guadalupe County,"0 N Beyer, Marion, TX, 78124",Marion,78124,380000.0,10.0,38000.0,31,15,reject,0.0,0.0,"Projected profit is estimated, ROI below threshold"
2903,111663413,TX,Bell County,"22433 Fm 2268, Holland, TX, 76534",Holland,76534,390000.0,10.268,37982.08,60,15,reject,0.0,0.0,"Projected profit is estimated, ROI below threshold"
2864,458952780,TX,Collin County,"County Road 501, Blue Ridge, TX, 75424",Blue Ridge,75424,398700.0,5.0,79740.0,84,15,reject,0.0,0.0,"Projected profit is estimated, ROI below threshold"
2807,452133152,TX,Llano County,"21317 Fm 2323, Llano, TX, 78643",Llano,78643,399000.0,21.5,18558.14,53,15,reject,0.0,0.0,"Projected profit is estimated, ROI below threshold"
2853,306641857,TX,Travis County,"15100 Honeycomb Holw, Leander, TX, 78641",Leander,78641,499000.0,6.81,73274.6,22,15,reject,0.0,0.0,"Projected profit is estimated, ROI below threshold"
2885,460850655,TX,Palo Pinto County,"Henley Ln, Gordon, TX, 76453",Gordon,76453,500000.0,46.921,10656.21,2,15,reject,-36.85,-184260.48,"Projected profit is estimated, ROI below threshold"
2852,457894841,TX,Panola County,"County Road 4682, Carthage, TX, 75633",Carthage,75633,45000.0,10.0,4500.0,126,10,reject,0.0,0.0,"Projected profit is estimated, ROI below threshold"
2806,457202017,TX,Tarrant County,"W Main St, Olney, TX, 76374",Olney,76374,57000.0,6.18,9223.3,154,10,reject,0.0,0.0,"Projected profit is estimated, ROI below threshold"
2828,458043313,TX,Brazoria County,"0 County Road 212 Lot 212, Angleton, TX, 77515",Angleton,77515,60000.0,5.06,11857.71,119,10,reject,0.0,0.0,"Projected profit is estimated, ROI below threshold"
2881,446409501,TX,Hardin County,"0 W Lake Rd, Sour Lake, TX, 77659",Sour Lake,77659,65000.0,10.0,6500.0,148,10,reject,0.0,0.0,"Projected profit is estimated, ROI below threshold"
2819,441870002,TX,Marion County,"1390 Shady Grove Rd, Jefferson, TX, 75657",Jefferson,75657,65500.0,13.1,5000.0,130,10,reject,0.0,0.0,"Projected profit is estimated, ROI below threshold"
2946,457827078,TX,Harrison County,"Private Road 1332, Elysian Fields, TX, 75642",Elysian Fields,75642,70000.0,5.12,13671.88,128,10,reject,0.0,0.0,"Projected profit is estimated, ROI below threshold"
2817,447546934,TX,Henderson County,"4107 County Road 3800, Athens, TX, 75752",Athens,75752,85000.0,5.48,15510.95,124,10,reject,0.0,0.0,"Projected profit is estimated, ROI below threshold"
2831,458041603,TX,Hopkins County,"4744 County Rd, Sulphur Springs, TX, 75482",Sulphur Springs,75482,85000.0,12.0,7083.33,119,10,reject,0.0,0.0,"Projected profit is estimated, ROI below threshold"
2805,351955315,TX,Limestone County,"0 Fm 1246 E, Thornton, TX, 76687",Thornton,76687,89000.0,11.1,8018.02,156,10,reject,0.0,0.0,"Projected profit is estimated, ROI below threshold"
3004,458671415,TX,Smith County,"10719 Portside Cir, Tyler, TX, 75708",Tyler,75708,89900.0,6.822,13177.95,95,10,reject,0.0,0.0,"Projected profit is estimated, ROI below threshold"
2915,457312205,TX,Bandera County,"1 Timbercreek Road LOT 44, Pipe Creek, TX, 78063",Pipe Creek,78063,113680.0,5.62,20227.76,147,10,reject,0.0,0.0,"Projected profit is estimated, ROI below threshold"
2797,457673574,TX,Edwards County,"0 W County Rd #315, Rocksprings, TX, 78880",Rocksprings,78880,119000.0,26.1,4559.39,134,10,reject,-58.63,-69767.62,"Projected profit is estimated, ROI below threshold"
2838,2060789197,TX,Edwards County,"County Road 310, Rocksprings, TX, 78880",Rocksprings,78880,129040.0,32.26,4000.0,177,10,reject,-53.33,-68810.75,"Projected profit is estimated, ROI below threshold"
2832,459663740,TX,Tarrant County,"5 Comanche Hills Dr, Comanche, TX, 76442",Comanche,76442,140500.0,10.02,14021.96,101,10,reject,0.0,0.0,"Projected profit is estimated, ROI below threshold"
2850,458187879,TX,Bexar County,"26013 Sand Cliff LOT 136, San Antonio, TX, 78264",San Antonio,78264,149000.0,6.004,24816.79,114,10,reject,0.0,0.0,"Projected profit is estimated, ROI below threshold"
2815,458041653,TX,Hill County,"County Road 4365, Milford, TX, 76670",Milford,76670,150000.0,10.01,14985.01,119,10,reject,0.0,0.0,"Projected profit is estimated, ROI below threshold"
2971,193855098,TX,Atascosa County,"8449 Coughran Rd, Pleasanton, TX, 78064",Pleasanton,78064,152000.0,5.0,30400.0,0,10,reject,0.0,0.0,"Projected profit is estimated, ROI below threshold"
2810,447389529,TX,Medina County,"0 County Road 243 LOT 93, Hondo, TX, 78861",Hondo,78861,165000.0,10.0,16500.0,105,10,reject,0.0,0.0,"Projected profit is estimated, ROI below threshold"
2933,457843262,TX,Falls County,"State Highway 53, Rosebud, TX, 76570",Rosebud,76570,171150.0,23.1,7409.09,128,10,reject,0.0,0.0,"Projected profit is estimated, ROI below threshold"
2875,456644071,TX,Anderson County,"TRACT Three County Rd #379, Palestine, TX, 75801",Palestine,75801,174900.0,26.88,6506.7,177,10,reject,-43.32,-75762.5,"Projected profit is estimated, ROI below threshold"
2961,78933335,TX,Wise County,"204 N Cheyenne Trl, Springtown, TX, 76082",Springtown,76082,175000.0,5.0,35000.0,122,10,reject,0.0,0.0,"Projected profit is estimated, ROI below threshold"
2883,457250749,TX,Atascosa County,"TBD, LOT 17 Woodland Hills LOT 17, Poteet, TX, 78065",Poteet,78065,181000.0,5.24,34541.98,150,10,reject,0.0,0.0,"Projected profit is estimated, ROI below threshold"
2846,455569381,TX,Bexar County,"10.36 ACRES New Sulphur Springs Road LOT MULTI, San Antonio, TX, 78263",San Antonio,78263,185000.0,10.36,17857.14,144,10,reject,0.0,0.0,"Projected profit is estimated, ROI below threshold"
2942,450737634,TX,Palo Pinto County,"Mountain Dr, Graford, TX, 76449",Graford,76449,194602.0,23.17,8398.88,177,10,reject,0.0,0.0,"Projected profit is estimated, ROI below threshold"
2908,460902658,TX,Medina County,"1079 County Road 6610 LOT 19-2, Devine, TX, 78016",Devine,78016,199000.0,11.0,18090.91,0,10,reject,0.0,0.0,"Projected profit is estimated, ROI below threshold"
3007,457314848,TX,Guadalupe County,"TBD Private Rd, Seguin, TX, 78155",Seguin,78155,215000.0,10.1,21287.13,147,10,reject,0.0,0.0,"Projected profit is estimated, ROI below threshold"
2990,456539155,TX,Caldwell County,"LOT 2A Tumbleweed Trl, Dale, TX, 78616",Dale,78616,225000.0,10.797,20839.12,180,10,reject,0.0,0.0,"Projected profit is estimated, ROI below threshold"
2844,459762045,TX,Waller County,"1 Klaus Rd, Brookshire, TX, 77423",Brookshire,77423,250000.0,5.0,50000.0,92,10,reject,0.0,0.0,"Projected profit is estimated, ROI below threshold"
2878,458466324,TX,Parker County,"Nelson Rd, Azle, TX, 76020",Azle,76020,250000.0,5.0,50000.0,106,10,reject,0.0,0.0,"Projected profit is estimated, ROI below threshold"
2928,28714322,TX,Montgomery County,"26538 Flower Mound Ln, Magnolia, TX, 77354",Magnolia,77354,250000.0,6.023,41507.55,105,10,reject,0.0,0.0,"Projected profit is estimated, ROI below threshold"
2862,87154269,TX,Blanco County,"LOT 48 Brock Hollow Dr, Johnson City, TX, 78636",Johnson City,78636,260000.0,5.8,44827.59,142,10,reject,0.0,0.0,"Projected profit is estimated, ROI below threshold"
2904,2096738216,TX,Walker County,"000 Black Jack Cemetery Rd, Huntsville, TX, 77340",Huntsville,77340,274900.0,11.0,24990.91,109,10,reject,0.0,0.0,"Projected profit is estimated, ROI below threshold"
2919,83736132,TX,Collin County,"8194 Private Road 5406, Blue Ridge, TX, 75424",Blue Ridge,75424,289900.0,10.0,28990.0,176,10,reject,0.0,0.0,"Projected profit is estimated, ROI below threshold"
2932,450107330,TX,Collin County,"0 Old Josephine Rd, Farmersville, TX, 75442",Farmersville,75442,290000.0,7.18,40389.97,106,10,reject,0.0,0.0,"Projected profit is estimated, ROI below threshold"
2824,446779218,TX,Ellis County,"3360 Fm 308, Milford, TX, 76670",Milford,76670,295000.0,6.08,48519.74,133,10,reject,0.0,0.0,"Projected profit is estimated, ROI below threshold"
2803,458083420,TX,Gillespie County,"309 Walnut LOT 19B, Fredericksburg, TX, 78624",Fredericksburg,78624,385000.0,13.23,29100.53,118,10,reject,0.0,0.0,"Projected profit is estimated, ROI below threshold"
2900,456616611,TX,Hood County,"Overton Ct, Granbury, TX, 76048",Granbury,76048,395700.0,15.553,25442.04,178,10,reject,0.0,0.0,"Projected profit is estimated, ROI below threshold"
2845,457223618,TX,Comal County,"000 Rolling hill LOT 4, Spring Branch, TX, 78070",Spring Branch,78070,435625.0,10.25,42500.0,151,10,reject,0.0,0.0,"Projected profit is estimated, ROI below threshold"
2799,450819006,TX,Presidio County,"Lots 25 31 Sec 65 Block 2 T&p Presidio County, Presidio, TX, 79845",Presidio,79845,4600.0,10.08,456.35,304,5,reject,0.0,0.0,"Projected profit is estimated, ROI below threshold, Long DOM"
2976,119795963,TX,Rusk County,"17407 County Road 4247 W, Reklaw, TX, 75784",Reklaw,75784,58000.0,5.0,11600.0,303,5,reject,0.0,0.0,"Projected profit is estimated, ROI below threshold, Long DOM"
2811,449813190,TX,Calhoun County,"Gulf Of Mexico, Palacios, TX, 77465",Palacios,77465,65000.0,10.0,6500.0,872,5,reject,0.0,0.0,"Projected profit is estimated, ROI below threshold, Long DOM"
2877,434068443,TX,Gonzales County,"7 County Road 402, Flatonia, TX, 78941",Flatonia,78941,71400.0,6.5,10984.62,570,5,reject,0.0,0.0,"Projected profit is estimated, ROI below threshold, Long DOM"
2834,344397732,TX,Clay County,"0 Hopewell Rd, Bellevue, TX, 76228",Bellevue,76228,79000.0,10.01,7892.11,293,5,reject,0.0,0.0,"Projected profit is estimated, ROI below threshold, Long DOM"
2921,448825212,TX,Navarro County,"LOT 95 Stillwater Shores Dr, Corsicana, TX, 75109",Corsicana,75109,89000.0,5.5,16181.82,345,5,reject,0.0,0.0,"Projected profit is estimated, ROI below threshold, Long DOM"
2840,456067722,TX,Cherokee County,"County Road 3307, Jacksonville, TX, 75766",Jacksonville,75766,89900.0,5.0,17980.0,200,5,reject,0.0,0.0,"Projected profit is estimated, ROI below threshold, Long DOM"
2855,351711856,TX,Panola County,"County Road 110, Carthage, TX, 75633",Carthage,75633,90000.0,28.31,3179.09,639,5,reject,-46.06,-41450.25,"Projected profit is estimated, ROI below threshold, Long DOM"
2899,449982430,TX,Hill County,"213875 Ranchside Ct, Itasca, TX, 76055",Itasca,76055,97000.0,5.0,19400.0,338,5,reject,0.0,0.0,"Projected profit is estimated, ROI below threshold, Long DOM"
2982,456082588,TX,Hamilton County,"LOT 25 County Road 127, Carlton, TX, 76436",Carlton,76436,99000.0,10.01,9890.11,199,5,reject,0.0,0.0,"Projected profit is estimated, ROI below threshold, Long DOM"
2858,447684232,TX,Falls County,"199 County Road 152, Riesel, TX, 76682",Riesel,76682,100000.0,12.23,8176.61,353,5,reject,0.0,0.0,"Projected profit is estimated, ROI below threshold, Long DOM"
2873,460752210,TX,Liberty County,"0 County Road 3704 #B, Cleveland, TX, 77327",Cleveland,77327,100000.0,6.149,16262.81,3,5,reject,0.0,0.0,"Projected profit is estimated, ROI below threshold, Possible flood/wetland mention"
2856,349486460,TX,Bexar County,"1715 S Loop 1604 E LOT 199, San Antonio, TX, 78264",San Antonio,78264,125000.0,5.846,21382.14,669,5,reject,0.0,0.0,"Projected profit is estimated, ROI below threshold, Long DOM"
2934,402292458,TX,Navarro County,"Barker Ln, Rice, TX, 75155",Rice,75155,125000.0,10.88,11488.97,590,5,reject,0.0,0.0,"Projected profit is estimated, ROI below threshold, Long DOM"
2999,442182573,TX,Leon County,"0 County Road 237, Oakwood, TX, 75855",Oakwood,75855,125000.0,10.13,12339.59,263,5,reject,0.0,0.0,"Projected profit is estimated, ROI below threshold, Long DOM"
2871,231905554,TX,Robertson County,"12500 Old Hearne Rd, Bryan, TX, 77807",Bryan,77807,135000.0,5.777,23368.53,220,5,reject,0.0,0.0,"Projected profit is estimated, ROI below threshold, Long DOM"
2835,450529340,TX,Anderson County,"3200 W County Road 102, New London, TX, 75682",New London,75682,135900.0,21.35,6365.34,310,5,reject,0.0,0.0,"Projected profit is estimated, ROI below threshold, Long DOM"
2998,452692304,TX,Eastland County,"County Road 340, Ranger, TX, 76470",Ranger,76470,146190.0,13.29,11000.0,282,5,reject,0.0,0.0,"Projected profit is estimated, ROI below threshold, Long DOM"
2918,459640233,TX,Wilson County,"6191 County Road 434 LOT 6, Stockdale, TX, 78160",Stockdale,78160,149000.0,10.0,14900.0,638,5,reject,0.0,0.0,"Projected profit is estimated, ROI below threshold, Long DOM"
2944,2055526851,TX,Hunt County,"TRACT 32 Highway 1 #34, Greenville, TX, 75401",Greenville,75401,150000.0,10.1,14851.49,263,5,reject,0.0,0.0,"Projected profit is estimated, ROI below threshold, Long DOM"
2959,250517038,TX,Leon County,"439 Walnut Ln, Buffalo, TX, 75831",Buffalo,75831,154500.0,11.86,13026.98,263,5,reject,0.0,0.0,"Projected profit is estimated, ROI below threshold, Long DOM"
2953,449992380,TX,Parker County,"1031 Akin Rd, Poolville, TX, 76487",Poolville,76487,160000.0,5.0,32000.0,325,5,reject,0.0,0.0,"Projected profit is estimated, ROI below threshold, Long DOM"
2816,344618554,TX,Medina County,"TBD FM 1343 LOT A1199, Castroville, TX, 78009",Castroville,78009,170000.0,5.083,33444.82,268,5,reject,0.0,0.0,"Projected profit is estimated, ROI below threshold, Long DOM"
2848,344604147,TX,Bexar County,"4401 Hardy Rd LOT 55, Elmendorf, TX, 78112",Elmendorf,78112,170000.0,10.0,17000.0,896,5,reject,0.0,0.0,"Projected profit is estimated, ROI below threshold, Long DOM"
2847,453009352,TX,Hunt County,"County Road 4410, Commerce, TX, 75428",Commerce,75428,172000.0,14.0,12285.71,272,5,reject,0.0,0.0,"Projected profit is estimated, ROI below threshold, Long DOM"
2896,344605283,TX,Bexar County,"TRACT A S Loop 1604 E LOT 2016, San Antonio, TX, 78264",San Antonio,78264,175000.0,8.4,20833.33,332,5,reject,0.0,0.0,"Projected profit is estimated, ROI below threshold, Long DOM"
2939,447602692,TX,McLennan County,"8070 N Lone Star Pkwy, Mc Gregor, TX, 76657",Mc Gregor,76657,175000.0,10.01,17482.52,353,5,reject,0.0,0.0,"Projected profit is estimated, ROI below threshold, Long DOM"
2955,250504801,TX,Panola County,"610 E Whitney St, Tatum, TX, 75691",Tatum,75691,176000.0,44.99,3911.98,189,5,reject,-55.57,-97800.4,"Projected profit is estimated, ROI below threshold, Long DOM"
2890,450737368,TX,Hill County,"State Highway 174, Blum, TX, 76627",Blum,76627,179000.0,10.62,16854.99,322,5,reject,0.0,0.0,"Projected profit is estimated, ROI below threshold, Long DOM"
2827,456028731,TX,Rains County,"383 Rscr #1605, Pt, TX, 75472",Pt,75472,187000.0,5.41,34565.62,202,5,reject,0.0,0.0,"Projected profit is estimated, ROI below threshold, Long DOM"
2907,455610866,TX,Grayson County,"0 Fm 902 St, Howe, TX, 75459",Howe,75459,195000.0,6.772,28795.04,217,5,reject,0.0,0.0,"Projected profit is estimated, ROI below threshold, Long DOM"
2889,2093023290,TX,Colorado County,"1168 Pargac Ln, Columbus, TX, 78934",Columbus,78934,210000.0,12.8,16406.25,200,5,reject,0.0,0.0,"Projected profit is estimated, ROI below threshold, Long DOM"
2980,449962785,TX,Liberty County,"County Road 2318, Dayton, TX, 77535",Dayton,77535,210000.0,15.593,13467.58,263,5,reject,0.0,0.0,"Projected profit is estimated, ROI below threshold, Long DOM"
2992,353280974,TX,Johnson County,"2591 Hopewell Rd, Cleburne, TX, 76031",Cleburne,76031,219000.0,5.0,43800.0,620,5,reject,0.0,0.0,"Projected profit is estimated, ROI below threshold, Long DOM"
2951,448941392,TX,Hunt County,"3605 County Road 1108, Celeste, TX, 75423",Celeste,75423,220000.0,5.0,44000.0,343,5,reject,0.0,0.0,"Projected profit is estimated, ROI below threshold, Long DOM"
2973,2067474576,TX,Henderson County,"1467 Lawrence St, Trinidad, TX, 75163",Trinidad,75163,225000.0,5.0,45000.0,283,5,reject,0.0,0.0,"Projected profit is estimated, ROI below threshold, Long DOM"
2986,299295105,TX,Gonzales County,"502 Robertson Rd, Smiley, TX, 78159",Smiley,78159,245000.0,23.82,10285.47,298,5,reject,0.0,0.0,"Projected profit is estimated, ROI below threshold, Long DOM"
2978,454972797,TX,Comal County,"446 Waring Welfare LOT 9, Boerne, TX, 78006",Boerne,78006,255000.0,6.63,38461.54,237,5,reject,0.0,0.0,"Projected profit is estimated, ROI below threshold, Long DOM"
2981,2053149392,TX,Burleson County,"9999 Fm 60 E, Somerville, TX, 77879",Somerville,77879,265000.0,28.835,9190.22,243,5,reject,-30.78,-81578.5,"Projected profit is estimated, ROI below threshold, Long DOM"
2897,2054556178,TX,Bell County,"12283 Crows Ranch Rd, Salado, TX, 76571",Salado,76571,275000.0,13.355,20591.54,857,5,reject,0.0,0.0,"Projected profit is estimated, ROI below threshold, Long DOM"
2869,84388086,TX,Bastrop County,"492 S Old Potato Rd, Paige, TX, 78659",Paige,78659,290000.0,10.989,26390.03,277,5,reject,0.0,0.0,"Projected profit is estimated, ROI below threshold, Long DOM"
2979,440358124,TX,Gonzales County,"E Us Highway 90, Waelder, TX, 78959",Waelder,78959,299900.0,30.012,9992.67,263,5,reject,-22.12,-66331.9,"Projected profit is estimated, ROI below threshold, Long DOM"
3010,442727532,TX,Fannin County,"0 County Road 4510, Trenton, TX, 75490",Trenton,75490,299900.0,26.0,11534.62,472,5,reject,-25.52,-76530.5,"Projected profit is estimated, ROI below threshold, Long DOM"
3008,28595967,TX,Hays County,"1100 Alpine Trl, San Marcos, TX, 78666",San Marcos,78666,315000.0,8.67,36332.18,233,5,reject,0.0,0.0,"Projected profit is estimated, ROI below threshold, Long DOM"
2886,27526836,TX,Fort Bend County,"11810 Reinecker Rd, Wallis, TX, 77485",Wallis,77485,399000.0,13.0,30692.31,214,5,reject,0.0,0.0,"Projected profit is estimated, ROI below threshold, Long DOM"
2994,454074703,TX,Navarro County,"3324 NW County Road 3206, Dawson, TX, 76639",Dawson,76639,429000.0,42.82,10018.68,252,5,reject,-16.22,-69601.2,"Projected profit is estimated, ROI below threshold, Long DOM"
2988,458479219,TX,Harrison County,"0 Cooper Rd, Marshall, TX, 75672",Marshall,75672,98000.0,28.02,3497.5,105,0,reject,-68.86,-67482.5,"Projected profit is estimated, ROI below threshold, Possible flood/wetland mention"
